期次,偿还本息（元）,偿还本金（元）,偿还利息（元）
1期次,86.32,81.3,5.02
2期次,86.32,81.74,4.58
3期次,86.32,82.19,4.13
4期次,86.32,82.64,3.68
5期次,86.32,83.09,3.23
6期次,86.32,83.55,2.78
7期次,86.32,84.0,2.32
8期次,86.32,84.46,1.86
9期次,86.32,84.92,1.4
10期次,86.32,85.39,0.94
11期次,86.32,85.85,0.47
12期次,86.32,86.32,0.0
总期次 ,累计还款总额,所借本金,累计支付利息
12期次,1035.89,1000,35.89
期次,偿还本息（元）,偿还本金（元）,偿还利息（元）
1期次,863.24,812.99,50.25
2期次,863.24,817.44,45.8
3期次,863.24,821.91,41.33
4期次,863.24,826.4,36.84
5期次,863.24,830.92,32.32
6期次,863.24,835.46,27.78
7期次,863.24,840.03,23.21
8期次,863.24,844.62,18.62
9期次,863.24,849.24,14.0
10期次,863.24,853.88,9.36
11期次,863.24,858.55,4.69
12期次,863.24,863.24,0.0
总期次 ,累计还款总额,所借本金,累计支付利息
12期次,10358.88,10000,358.88
期次,偿还本息（元）,偿还本金（元）,偿还利息（元）
1期次,863.24,808.57,54.67
2期次,863.24,812.99,50.25
3期次,863.24,817.44,45.8
4期次,863.24,821.91,41.33
5期次,863.24,826.4,36.84
6期次,863.24,830.92,32.32
7期次,863.24,835.46,27.78
8期次,863.24,840.03,23.21
9期次,863.24,844.62,18.62
10期次,863.24,849.24,14.0
11期次,863.24,853.88,9.36
12期次,863.24,858.55,4.69
总期次 ,累计还款总额,所借本金,累计支付利息
12期次,10358.88,10000,358.88
123,1234
123,1234
123,1234
123,1234
123,1234
123,1234
哈哈哈,1234
